Held_Out_Zero_Day,Zero_Day_Flows,Normal_Test_Flows,Known_Attack_Test_Flows,True_Positives_TP,False_Negatives_FN,False_Alarms_Normal_FP,True_Negatives_Normal_TN,Known_Attacks_Caught_TP,Known_Attacks_Missed_FN,Accuracy_pct,Precision_pct,Recall_pct,F1_Score_pct,Error_Rate_pct
DDoS - HTTP,4040,2863,14265,4035,5,4,2859,14249,16,99.87,99.9,99.88,99.89,0.13
DDoS - TCP,6154,2863,13630,6154,0,4,2859,13614,16,99.96,99.94,100.0,99.97,0.04
DDoS - UDP,4761,2863,14048,4760,1,4,2859,14035,13,99.93,99.92,99.98,99.95,0.07
DoS - HTTP,5960,2863,13689,5954,6,4,2859,13678,11,99.89,99.93,99.9,99.92,0.11
DoS - TCP,3846,2863,14323,3846,0,4,2859,14312,11,99.94,99.9,100.0,99.95,0.06
DoS - UDP,5239,2863,13905,5239,0,4,2859,13895,10,99.95,99.92,100.0,99.96,0.05
Reconnaissance - OS_Fingerprint,10000,2863,12477,9936,64,3,2860,12464,13,99.48,99.97,99.36,99.66,0.52
Reconnaissance - Service_Scan,10000,2863,12477,9588,412,3,2860,12464,13,96.77,99.97,95.88,97.88,3.23
Theft - Data_Exfiltration,118,2863,15441,110,8,4,2859,15428,13,99.6,96.49,93.22,94.83,0.4
Theft - Keylogging,1469,2863,15036,1452,17,4,2859,15028,8,99.52,99.73,98.84,99.28,0.48
