method,threshold_spec,val_acceptance,known_test_acceptance,zero_day_recall,zero_day_precision,zero_day_f1,benign_rejection_rate,known_attack_rejection_rate,inference_time_s
Closed-Set XGBoost (Baseline B),Argmax (No Novelty),100.0,100.0,0.0,0.0,0.0,0.0,0.0,0.0
Confidence-Only,P < 0.95,99.99,99.99,17.32,99.68,29.52,0.0,0.01,0.21
Confidence-Only,P < 0.99,99.97,99.97,25.8,99.16,40.95,1.41,0.03,0.21
Euclidean Distance,Validation 95.0%,94.99,94.88,6.81,15.23,9.41,8.45,5.12,0.27
Mahalanobis Distance,Validation 95.0%,94.99,95.08,18.75,33.97,24.16,1.41,4.92,0.29
Leaf-Space Novelty,Validation 95.0%,95.0,94.8,21.45,35.8,26.82,7.04,5.2,5.8
Mahalanobis + Leaf OR,Fixed (tau=1.0),91.04,91.08,36.62,35.67,36.14,8.45,8.92,0.01
Mahalanobis + Leaf AND,Fixed (tau=1.0),98.95,98.79,3.57,28.59,6.35,0.0,1.21,0.01
Confidence + Mahalanobis,Conf < 0.95 | M > 1.0,94.99,95.07,33.47,47.87,39.39,1.41,4.93,0.0
Confidence + Mahalanobis,Conf < 0.99 | M > 1.0,94.98,95.06,41.22,52.99,46.37,2.82,4.94,0.0
Confidence + Leaf Novelty,Conf < 0.95 | L > 1.0,94.98,94.79,25.53,39.85,31.12,7.04,5.2,0.0
"Three-Signal (Equal (1/3, 1/3, 1/3))",Validation 95.0%,95.0,94.99,26.27,41.46,32.16,9.86,5.0,0.01
"Three-Signal (Equal (1/3, 1/3, 1/3))",Validation 99.0%,99.0,98.83,24.42,73.74,36.69,1.41,1.17,0.01
