,precision,recall,f1-score,support
Data_Exfiltration,0.9565217391304348,0.9166666666666666,0.9361702127659575,24.0
HTTP,1.0,0.9985,0.9992494370778083,2000.0
Keylogging,0.9830508474576272,0.9863945578231292,0.9847198641765704,294.0
Normal,0.997904662126768,0.9984276729559748,0.9981660990306523,1908.0
OS_Fingerprint,0.9542168674698795,0.99,0.9717791411042945,2000.0
Service_Scan,0.9896157840083074,0.953,0.9709628120224146,2000.0
TCP,0.9995002498750625,1.0,0.9997500624843789,2000.0
UDP,1.0,1.0,1.0,2000.0
accuracy,0.9896940945525928,0.9896940945525928,0.9896940945525928,0.9896940945525928
macro avg,0.9851012687585099,0.9803736121807214,0.9825997035827596,12226.0
weighted avg,0.9899101397788357,0.9896940945525928,0.9896907858255006,12226.0
