Attack_Class,Base_Precision,Our_Precision,Diff_Precision,Base_Recall,Our_Recall,Diff_Recall,Base_Accuracy,Our_Accuracy,Diff_Accuracy,Base_F1,Our_F1,F1_Increase,Base_Error,Our_Error,Error_Reduction
DoS - HTTP,0.91,1.0,0.08999999999999997,0.92,1.0,0.07999999999999996,0.94,1.0,0.06000000000000005,0.91,1.0,0.08999999999999997,0.06,0.0,0.06
DoS - TCP,0.77,1.0,0.22999999999999998,0.88,1.0,0.12,0.86,1.0,0.14,0.82,1.0,0.18000000000000005,0.14,0.0,0.14
DoS - UDP,0.88,1.0,0.12,0.97,1.0,0.030000000000000027,0.94,1.0,0.06000000000000005,0.92,1.0,0.07999999999999996,0.06,0.0,0.06
DDoS - HTTP,0.94,1.0,0.06000000000000005,0.98,1.0,0.020000000000000018,0.97,1.0,0.030000000000000027,0.96,1.0,0.040000000000000036,0.03,0.0,0.03
DDoS - TCP,0.81,1.0,0.18999999999999995,0.92,1.0,0.07999999999999996,0.89,1.0,0.10999999999999999,0.86,1.0,0.14,0.11,0.0,0.11
DDoS - UDP,0.92,1.0,0.07999999999999996,0.96,1.0,0.040000000000000036,0.96,1.0,0.040000000000000036,0.94,1.0,0.06000000000000005,0.04,0.0,0.04
Reconnaissance - OS_Fingerprint,0.96,1.0,0.040000000000000036,0.92,0.99,0.06999999999999995,0.95,0.99,0.040000000000000036,0.94,1.0,0.06000000000000005,0.05,0.01,0.04
Reconnaissance - Service_Scan,0.84,1.0,0.16000000000000003,0.96,0.95,-0.010000000000000009,0.92,0.96,0.039999999999999925,0.89,0.97,0.07999999999999996,0.08,0.04,0.04
Theft - Keylogging,0.8,1.0,0.19999999999999996,0.98,0.99,0.010000000000000009,0.98,0.99,0.010000000000000009,0.88,0.99,0.10999999999999999,0.02,0.01,0.01
Theft - Data_Exfiltration,0.08,0.97,0.89,0.87,0.93,0.06000000000000005,0.93,1.0,0.06999999999999995,0.15,0.95,0.7999999999999999,0.07,0.0,0.07
