column_name,inferred_data_type,role_classification,domain_rationale,min_value,max_value,mean_value,std_value,negative_values_count,summary_or_top_values
pkSeqID,numerical_int,Potential identifier,Row primary key / autoincrement ID from dataset extraction. Must never be used in ML models.,1.0,3668522.0,1834261.5,1059011.0821,0,"Min=1.0, Max=3668522.0, NegCount=0"
stime,numerical_float,Potential identifier,Flow start timestamp (epoch). Direct temporal identifier; models can memorize recording windows rather than network behavior.,1526344031.6651,1529380791.1358,1528050205.1041,258149.9541,0,"Min=1526344031.6651, Max=1529380791.1358, NegCount=0"
flgs,categorical_string,Potentially useful behavioral feature,"TCP/protocol flags as string representations ('e', 'e s', etc.). Behavioral indicator of flow connection state.",N/A,N/A,N/A,N/A,N/A,"e: 2,293,445; e s: 1,245,171; e g: 94,344"
flgs_number,numerical_int,Potentially useful behavioral feature,Numerical encoding of protocol flags.,1.0,9.0,1.4902,0.8653,0,"Min=1.0, Max=9.0, NegCount=0"
proto,categorical_string,Potentially useful behavioral feature,"Transport/network protocol name ('tcp', 'udp', 'icmp', 'arp').",N/A,N/A,N/A,N/A,N/A,"udp: 1,996,437; tcp: 1,662,812; icmp: 9,052"
proto_number,numerical_int,Potentially useful behavioral feature,Numerical protocol identifier (IANA protocol numbers).,1.0,5.0,2.0959,0.9991,0,"Min=1.0, Max=5.0, NegCount=0"
saddr,categorical_string,Potential leakage feature,"Source IP address. In testbed captures, fixed IP addresses correspond to specific attacker/victim nodes. Fatal environmental leakage.",N/A,N/A,N/A,N/A,N/A,"192.168.100.147: 950,966; 192.168.100.148: 923,290; 192.168.100.150: 890,262"
sport,numerical_int,Potential leakage feature,"Source port number. Attacker tools often use fixed source ports or hex-encoded ICMP codes (0x0303), causing synthetic artifact learning.",-1.0,65535.0,33017.1176,19072.7745,213,"Min=-1.0, Max=65535.0, NegCount=213"
daddr,categorical_string,Potential leakage feature,Destination IP address. Identifies target victim servers in the testbed topology. Severe environment leakage.,N/A,N/A,N/A,N/A,N/A,"192.168.100.3: 2,375,733; 192.168.100.5: 451,694; 192.168.100.7: 414,859"
dport,numerical_int,Potentially useful behavioral feature,"Destination port (service targeted, e.g. 80, 53). Useful behavioral context but can cause service-specific overfitting.",-1.0,65535.0,323.394,2854.7007,213,"Min=-1.0, Max=65535.0, NegCount=213"
pkts,numerical_int,Potentially useful behavioral feature,Total packet count in network flow.,1.0,70057.0,7.726,115.5876,0,"Min=1.0, Max=70057.0, NegCount=0"
bytes,numerical_int,Potentially useful behavioral feature,Total byte volume in network flow.,60.0,71833345.0,869.0501,112266.654,0,"Min=60.0, Max=71833345.0, NegCount=0"
state,categorical_string,Potentially useful behavioral feature,"Transaction state string ('INT', 'FIN', 'CON', 'REQ', 'RST').",N/A,N/A,N/A,N/A,N/A,"INT: 1,996,208; REQ: 878,697; RST: 775,168"
state_number,numerical_int,Potentially useful behavioral feature,Numerical encoding of transaction state.,1.0,11.0,3.1344,1.1869,0,"Min=1.0, Max=11.0, NegCount=0"
ltime,numerical_float,Potential identifier,Flow completion timestamp (epoch). Direct temporal identifier.,1526344227.0779,1529381808.1864,1528050225.4385,258150.7712,0,"Min=1526344227.0779, Max=1529381808.1864, NegCount=0"
seq,numerical_int,Potential identifier,Sequence counter within packet aggregation stream.,1.0,262212.0,121320.4161,75794.2735,0,"Min=1.0, Max=262212.0, NegCount=0"
dur,numerical_float,Potentially useful behavioral feature,Flow duration in seconds.,0.0,2771.4851,20.3348,21.4876,0,"Min=0.0, Max=2771.4851, NegCount=0"
mean,numerical_float,Potentially useful behavioral feature,Average duration of aggregate flow records.,0.0,4.9819,2.2311,1.5177,0,"Min=0.0, Max=4.9819, NegCount=0"
stddev,numerical_float,Potentially useful behavioral feature,Standard deviation of aggregate flow durations.,0.0,2.4968,0.8871,0.8038,0,"Min=0.0, Max=2.4968, NegCount=0"
sum,numerical_float,Potentially useful behavioral feature,Sum of aggregate flow durations.,0.0,1913.1936,7.7216,7.6162,0,"Min=0.0, Max=1913.1936, NegCount=0"
min,numerical_float,Potentially useful behavioral feature,Minimum duration among aggregate flow records.,0.0,4.9805,1.0175,1.4837,0,"Min=0.0, Max=4.9805, NegCount=0"
max,numerical_float,Potentially useful behavioral feature,Maximum duration among aggregate flow records.,0.0,5.0,3.02,1.8609,0,"Min=0.0, Max=5.0, NegCount=0"
spkts,numerical_int,Potentially useful behavioral feature,Source-to-destination packet count.,1.0,35029.0,7.3141,77.2584,0,"Min=1.0, Max=35029.0, NegCount=0"
dpkts,numerical_int,Potentially useful behavioral feature,Destination-to-source packet count.,0.0,35029.0,0.4118,49.65,0,"Min=0.0, Max=35029.0, NegCount=0"
sbytes,numerical_int,Potentially useful behavioral feature,Source-to-destination byte volume.,42.0,37747017.0,766.3916,71929.7879,0,"Min=42.0, Max=37747017.0, NegCount=0"
dbytes,numerical_int,Potentially useful behavioral feature,Destination-to-source byte volume.,0.0,34181742.0,102.6585,49449.0277,0,"Min=0.0, Max=34181742.0, NegCount=0"
rate,numerical_float,Potentially useful behavioral feature,Total packets per second.,0.0,1000000.0,244.9407,7919.9392,0,"Min=0.0, Max=1000000.0, NegCount=0"
srate,numerical_float,Potentially useful behavioral feature,Source-to-destination packets per second.,0.0,1000000.0,2.9551,724.5424,0,"Min=0.0, Max=1000000.0, NegCount=0"
drate,numerical_float,Potentially useful behavioral feature,Destination-to-source packets per second.,0.0,58823.5273,0.4455,60.2886,0,"Min=0.0, Max=58823.5273, NegCount=0"
TnBPSrcIP,numerical_int,Potentially useful behavioral feature,Total bytes per source IP in current temporal aggregation window.,60.0,220390664.0,51016.1531,442812.454,0,"Min=60.0, Max=220390664.0, NegCount=0"
TnBPDstIP,numerical_int,Potentially useful behavioral feature,Total bytes per destination IP in current temporal aggregation window.,60.0,220390784.0,56845.58,415299.7156,0,"Min=60.0, Max=220390784.0, NegCount=0"
TnP_PSrcIP,numerical_int,Potentially useful behavioral feature,Total packets per source IP in window.,1.0,225519.0,619.7056,584.2085,0,"Min=1.0, Max=225519.0, NegCount=0"
TnP_PDstIP,numerical_int,Potentially useful behavioral feature,Total packets per destination IP in window.,1.0,225521.0,687.2035,584.9345,0,"Min=1.0, Max=225521.0, NegCount=0"
TnP_PerProto,numerical_int,Potentially useful behavioral feature,Total packets per protocol in window.,1.0,228373.0,753.5659,1434.3853,0,"Min=1.0, Max=228373.0, NegCount=0"
TnP_Per_Dport,numerical_int,Potentially useful behavioral feature,Total packets per destination port in window.,1.0,244425.0,736.907,652.7133,0,"Min=1.0, Max=244425.0, NegCount=0"
AR_P_Proto_P_SrcIP,numerical_float,Potentially useful behavioral feature,Average rate per protocol per source IP.,0.0,2714290.0,332.7439,8466.0301,0,"Min=0.0, Max=2714290.0, NegCount=0"
AR_P_Proto_P_DstIP,numerical_float,Potentially useful behavioral feature,Average rate per protocol per destination IP.,0.0,1000000.0,285.1832,4096.9426,0,"Min=0.0, Max=1000000.0, NegCount=0"
N_IN_Conn_P_DstIP,numerical_int,Potentially useful behavioral feature,Number of inbound connections per destination IP in window.,1.0,100.0,92.4517,18.1763,0,"Min=1.0, Max=100.0, NegCount=0"
N_IN_Conn_P_SrcIP,numerical_int,Potentially useful behavioral feature,Number of inbound connections per source IP in window.,1.0,100.0,82.5385,24.3973,0,"Min=1.0, Max=100.0, NegCount=0"
AR_P_Proto_P_Sport,numerical_float,Potentially useful behavioral feature,Average rate per protocol per source port.,0.0,3000000.0,456.4945,14329.1681,0,"Min=0.0, Max=3000000.0, NegCount=0"
AR_P_Proto_P_Dport,numerical_float,Potentially useful behavioral feature,Average rate per protocol per destination port.,0.0,2000000.0,538.5196,15698.2356,0,"Min=0.0, Max=2000000.0, NegCount=0"
Pkts_P_State_P_Protocol_P_DestIP,numerical_int,Potentially useful behavioral feature,"Packets grouped by state, protocol, and destination IP.",1.0,112544.0,642.2897,453.3431,0,"Min=1.0, Max=112544.0, NegCount=0"
Pkts_P_State_P_Protocol_P_SrcIP,numerical_int,Potentially useful behavioral feature,"Packets grouped by state, protocol, and source IP.",1.0,117939.0,585.9984,433.2619,0,"Min=1.0, Max=117939.0, NegCount=0"
attack,numerical_int,Potential leakage feature,"Ground truth binary label (0 = Benign/Normal, 1 = Attack). Direct supervision target.",0.0,1.0,0.9999,0.0084,0,"Min=0.0, Max=1.0, NegCount=0"
category,categorical_string,Potential leakage feature,"Ground truth category label (DDoS, DoS, Reconnaissance, Normal, Theft). Direct supervision target.",N/A,N/A,N/A,N/A,N/A,"DDoS: 1,926,624; DoS: 1,650,260; Reconnaissance: 91,082"
subcategory,categorical_string,Potential leakage feature,"Ground truth subcategory label (UDP, TCP, Service_Scan, OS_Fingerprint, HTTP, etc.). Direct supervision target.",N/A,N/A,N/A,N/A,N/A,"UDP: 1,981,230; TCP: 1,593,180; Service_Scan: 73,168"
