held_out_attack,detector,sample_size,recall_mean,recall_ci_lower,recall_ci_upper,precision_mean,precision_ci_lower,precision_ci_upper,f1_mean,f1_ci_lower,f1_ci_upper
Data_Exfiltration,Confidence Only,6,16.23,0.0,50.0,0.63,0.0,1.99,1.21,0.0,3.82
Data_Exfiltration,Mahalanobis Only,6,16.17,0.0,50.0,0.04,0.0,0.11,0.07,0.0,0.22
Data_Exfiltration,Leaf Novelty Only,6,16.23,0.0,50.0,0.04,0.0,0.11,0.07,0.0,0.22
Data_Exfiltration,Confidence + Mahalanobis,6,16.8,0.0,50.0,0.03,0.0,0.09,0.06,0.0,0.19
Data_Exfiltration,Three-Signal Hybrid,6,16.28,0.0,50.0,0.02,0.0,0.06,0.04,0.0,0.12
HTTP,Confidence Only,266,72.6,66.92,77.45,67.06,62.54,71.63,69.69,65.43,73.86
HTTP,Mahalanobis Only,266,80.07,74.81,84.96,7.56,7.03,8.05,13.81,12.87,14.69
HTTP,Leaf Novelty Only,266,83.77,79.32,87.97,7.89,7.4,8.34,14.41,13.52,15.23
HTTP,Confidence + Mahalanobis,266,99.62,98.87,100.0,8.09,7.84,8.35,14.96,14.52,15.41
HTTP,Three-Signal Hybrid,266,99.59,98.5,100.0,5.32,5.18,5.47,10.1,9.84,10.37
Keylogging,Confidence Only,73,8.12,2.74,15.07,4.68,1.56,8.4,5.92,1.99,10.62
Keylogging,Mahalanobis Only,73,31.25,20.55,42.47,0.83,0.56,1.12,1.61,1.09,2.18
Keylogging,Leaf Novelty Only,73,24.45,15.07,34.25,0.61,0.38,0.85,1.19,0.74,1.67
Keylogging,Confidence + Mahalanobis,73,67.07,56.16,78.08,1.54,1.31,1.79,3.02,2.56,3.51
Keylogging,Three-Signal Hybrid,73,67.15,56.16,78.08,0.91,0.76,1.04,1.79,1.5,2.06
OS_Fingerprint,Confidence Only,1777,1.62,1.07,2.19,87.76,75.76,96.97,3.18,2.11,4.29
OS_Fingerprint,Mahalanobis Only,1777,3.22,2.42,4.05,2.08,1.6,2.62,2.53,1.93,3.18
OS_Fingerprint,Leaf Novelty Only,1777,0.38,0.11,0.68,0.24,0.07,0.42,0.29,0.09,0.52
OS_Fingerprint,Confidence + Mahalanobis,1777,6.69,5.51,7.82,4.2,3.48,4.9,5.16,4.26,6.01
OS_Fingerprint,Three-Signal Hybrid,1777,6.81,5.68,7.93,2.31,1.94,2.7,3.45,2.9,4.02
Service_Scan,Confidence Only,7302,17.29,16.42,18.19,99.69,99.35,100.0,29.47,28.21,30.76
Service_Scan,Mahalanobis Only,7302,18.75,17.84,19.61,33.96,32.62,35.28,24.16,23.15,25.17
Service_Scan,Leaf Novelty Only,7302,21.45,20.54,22.39,35.82,34.54,37.1,26.83,25.81,27.89
Service_Scan,Confidence + Mahalanobis,7302,41.23,40.06,42.36,52.99,51.92,54.1,46.38,45.36,47.43
Service_Scan,Three-Signal Hybrid,7302,41.64,40.5,42.8,38.64,37.78,39.51,40.09,39.19,40.97
TCP,Confidence Only,159340,62.43,62.19,62.67,99.86,99.84,99.88,76.83,76.64,77.01
TCP,Mahalanobis Only,159340,47.58,47.31,47.83,97.96,97.87,98.06,64.05,63.8,64.28
TCP,Leaf Novelty Only,159340,59.91,59.67,60.14,98.39,98.31,98.47,74.47,74.28,74.66
TCP,Confidence + Mahalanobis,159340,99.52,99.49,99.56,98.78,98.72,98.83,99.15,99.12,99.18
TCP,Three-Signal Hybrid,159340,99.52,99.49,99.56,98.07,98.0,98.13,98.79,98.75,98.83
UDP,Confidence Only,198344,6.53,6.42,6.64,98.89,98.7,99.06,12.26,12.07,12.45
UDP,Mahalanobis Only,198344,99.28,99.24,99.32,99.35,99.32,99.39,99.32,99.29,99.35
UDP,Leaf Novelty Only,198344,88.65,88.51,88.79,99.31,99.27,99.35,93.68,93.6,93.75
UDP,Confidence + Mahalanobis,198344,100.0,99.99,100.0,99.13,99.09,99.17,99.56,99.54,99.58
UDP,Three-Signal Hybrid,198344,100.0,99.99,100.0,98.63,98.58,98.67,99.31,99.28,99.33
