Class,Subclass,Test_Attack_Flows,Test_Normal_Flows,Base_Precision,Our_Precision,Base_Recall,Our_Recall,Base_Accuracy,Our_Accuracy,Base_F1,Our_F1,Base_Error,Our_Error
DoS,HTTP,5960,2863,0.91,1.0,0.92,1.0,0.94,1.0,0.91,1.0,0.06,0.0
DoS,TCP,3846,2863,0.77,1.0,0.88,1.0,0.86,1.0,0.82,1.0,0.14,0.0
DoS,UDP,5239,2863,0.88,1.0,0.97,1.0,0.94,1.0,0.92,1.0,0.06,0.0
DDoS,HTTP,4040,2863,0.94,1.0,0.98,1.0,0.97,1.0,0.96,1.0,0.03,0.0
DDoS,TCP,6154,2863,0.81,1.0,0.92,1.0,0.89,1.0,0.86,1.0,0.11,0.0
DDoS,UDP,4761,2863,0.92,1.0,0.96,1.0,0.96,1.0,0.94,1.0,0.04,0.0
Reconnaissance,OS_Fingerprint,10000,2863,0.96,1.0,0.92,0.99,0.95,0.99,0.94,1.0,0.05,0.01
Reconnaissance,Service_Scan,10000,2863,0.84,1.0,0.96,0.95,0.92,0.96,0.89,0.97,0.08,0.04
Theft,Keylogging,1469,2863,0.8,1.0,0.98,0.99,0.98,0.99,0.88,0.99,0.02,0.01
Theft,Data_Exfiltration,118,2863,0.08,0.97,0.87,0.93,0.93,1.0,0.15,0.95,0.07,0.0
