held_out_attack,predicted_known_class,count,percentage
Data_Exfiltration,Keylogging,6,100.0
HTTP,TCP,203,76.3158
HTTP,Service_Scan,62,23.3083
HTTP,Normal,1,0.3759
Keylogging,Service_Scan,52,71.2329
Keylogging,Data_Exfiltration,16,21.9178
Keylogging,Normal,3,4.1096
Keylogging,OS_Fingerprint,2,2.7397
OS_Fingerprint,Service_Scan,1761,99.0996
OS_Fingerprint,TCP,9,0.5065
OS_Fingerprint,Normal,7,0.3939
Service_Scan,OS_Fingerprint,7040,96.4119
Service_Scan,TCP,132,1.8077
Service_Scan,HTTP,120,1.6434
Service_Scan,Keylogging,6,0.0822
Service_Scan,Normal,3,0.0411
Service_Scan,Data_Exfiltration,1,0.0137
TCP,OS_Fingerprint,68974,43.2873
TCP,UDP,60579,38.0187
TCP,Service_Scan,23008,14.4396
TCP,HTTP,6357,3.9896
TCP,Keylogging,324,0.2033
TCP,Normal,98,0.0615
UDP,TCP,196921,99.2826
UDP,Normal,1420,0.7159
UDP,HTTP,2,0.001
UDP,Service_Scan,1,0.0005
