column_name,is_constant,is_near_constant,most_common_value_or_mean,most_common_percentage,recommendation
pkSeqID,False,False,Mean=1834261.5000,N/A,Retain Behavioral Variance
stime,False,False,Mean=1528050205.1041,N/A,Retain Behavioral Variance
flgs,False,False,e,62.52,Retain Behavioral Variance
flgs_number,False,False,Mean=1.4902,N/A,Retain Behavioral Variance
proto,False,False,udp,54.42,Retain Behavioral Variance
proto_number,False,False,Mean=2.0959,N/A,Retain Behavioral Variance
saddr,False,False,192.168.100.147,25.92,Retain Behavioral Variance
sport,False,False,Mean=33017.1176,N/A,Retain Behavioral Variance
daddr,False,False,192.168.100.3,64.76,Retain Behavioral Variance
dport,False,False,Mean=323.3940,N/A,Retain Behavioral Variance
pkts,False,False,Mean=7.7260,N/A,Retain Behavioral Variance
bytes,False,False,Mean=869.0501,N/A,Retain Behavioral Variance
state,False,False,INT,54.41,Retain Behavioral Variance
state_number,False,False,Mean=3.1344,N/A,Retain Behavioral Variance
ltime,False,False,Mean=1528050225.4385,N/A,Retain Behavioral Variance
seq,False,False,Mean=121320.4161,N/A,Retain Behavioral Variance
dur,False,False,Mean=20.3348,N/A,Retain Behavioral Variance
mean,False,False,Mean=2.2311,N/A,Retain Behavioral Variance
stddev,False,False,Mean=0.8871,N/A,Retain Behavioral Variance
sum,False,False,Mean=7.7216,N/A,Retain Behavioral Variance
min,False,False,Mean=1.0175,N/A,Retain Behavioral Variance
max,False,False,Mean=3.0200,N/A,Retain Behavioral Variance
spkts,False,False,Mean=7.3141,N/A,Retain Behavioral Variance
dpkts,False,False,Mean=0.4118,N/A,Retain Behavioral Variance
sbytes,False,False,Mean=766.3916,N/A,Retain Behavioral Variance
dbytes,False,False,Mean=102.6585,N/A,Retain Behavioral Variance
rate,False,False,Mean=244.9407,N/A,Retain Behavioral Variance
srate,False,False,Mean=2.9551,N/A,Retain Behavioral Variance
drate,False,False,Mean=0.4455,N/A,Retain Behavioral Variance
TnBPSrcIP,False,False,Mean=51016.1531,N/A,Retain Behavioral Variance
TnBPDstIP,False,False,Mean=56845.5800,N/A,Retain Behavioral Variance
TnP_PSrcIP,False,False,Mean=619.7056,N/A,Retain Behavioral Variance
TnP_PDstIP,False,False,Mean=687.2035,N/A,Retain Behavioral Variance
TnP_PerProto,False,False,Mean=753.5659,N/A,Retain Behavioral Variance
TnP_Per_Dport,False,False,Mean=736.9070,N/A,Retain Behavioral Variance
AR_P_Proto_P_SrcIP,False,False,Mean=332.7439,N/A,Retain Behavioral Variance
AR_P_Proto_P_DstIP,False,False,Mean=285.1832,N/A,Retain Behavioral Variance
N_IN_Conn_P_DstIP,False,False,Mean=92.4517,N/A,Retain Behavioral Variance
N_IN_Conn_P_SrcIP,False,False,Mean=82.5385,N/A,Retain Behavioral Variance
AR_P_Proto_P_Sport,False,False,Mean=456.4945,N/A,Retain Behavioral Variance
AR_P_Proto_P_Dport,False,False,Mean=538.5196,N/A,Retain Behavioral Variance
Pkts_P_State_P_Protocol_P_DestIP,False,False,Mean=642.2897,N/A,Retain Behavioral Variance
Pkts_P_State_P_Protocol_P_SrcIP,False,False,Mean=585.9984,N/A,Retain Behavioral Variance
attack,False,False,Mean=0.9999,N/A,Retain Behavioral Variance
category,False,False,DDoS,52.52,Retain Behavioral Variance
subcategory,False,False,UDP,54.01,Retain Behavioral Variance
