column_name,missing_null_count,missing_null_pct,pos_infinity_count,neg_infinity_count,hex_string_in_numeric_count,total_problematic_count,total_problematic_pct,status
pkSeqID,0,0.0,0,0,0,0,0.0,CLEAN
stime,0,0.0,0,0,0,0,0.0,CLEAN
flgs,0,0.0,0,0,0,0,0.0,CLEAN
flgs_number,0,0.0,0,0,0,0,0.0,CLEAN
proto,0,0.0,0,0,0,0,0.0,CLEAN
proto_number,0,0.0,0,0,0,0,0.0,CLEAN
saddr,0,0.0,0,0,0,0,0.0,CLEAN
sport,0,0.0,0,0,9052,9052,0.2467,CONTAINS_FORMATTING_ANOMALY
daddr,0,0.0,0,0,0,0,0.0,CLEAN
dport,0,0.0,0,0,9052,9052,0.2467,CONTAINS_FORMATTING_ANOMALY
pkts,0,0.0,0,0,0,0,0.0,CLEAN
bytes,0,0.0,0,0,0,0,0.0,CLEAN
state,0,0.0,0,0,0,0,0.0,CLEAN
state_number,0,0.0,0,0,0,0,0.0,CLEAN
ltime,0,0.0,0,0,0,0,0.0,CLEAN
seq,0,0.0,0,0,0,0,0.0,CLEAN
dur,0,0.0,0,0,0,0,0.0,CLEAN
mean,0,0.0,0,0,0,0,0.0,CLEAN
stddev,0,0.0,0,0,0,0,0.0,CLEAN
sum,0,0.0,0,0,0,0,0.0,CLEAN
min,0,0.0,0,0,0,0,0.0,CLEAN
max,0,0.0,0,0,0,0,0.0,CLEAN
spkts,0,0.0,0,0,0,0,0.0,CLEAN
dpkts,0,0.0,0,0,0,0,0.0,CLEAN
sbytes,0,0.0,0,0,0,0,0.0,CLEAN
dbytes,0,0.0,0,0,0,0,0.0,CLEAN
rate,0,0.0,0,0,0,0,0.0,CLEAN
srate,0,0.0,0,0,0,0,0.0,CLEAN
drate,0,0.0,0,0,0,0,0.0,CLEAN
TnBPSrcIP,0,0.0,0,0,0,0,0.0,CLEAN
TnBPDstIP,0,0.0,0,0,0,0,0.0,CLEAN
TnP_PSrcIP,0,0.0,0,0,0,0,0.0,CLEAN
TnP_PDstIP,0,0.0,0,0,0,0,0.0,CLEAN
TnP_PerProto,0,0.0,0,0,0,0,0.0,CLEAN
TnP_Per_Dport,0,0.0,0,0,0,0,0.0,CLEAN
AR_P_Proto_P_SrcIP,0,0.0,0,0,0,0,0.0,CLEAN
AR_P_Proto_P_DstIP,0,0.0,0,0,0,0,0.0,CLEAN
N_IN_Conn_P_DstIP,0,0.0,0,0,0,0,0.0,CLEAN
N_IN_Conn_P_SrcIP,0,0.0,0,0,0,0,0.0,CLEAN
AR_P_Proto_P_Sport,0,0.0,0,0,0,0,0.0,CLEAN
AR_P_Proto_P_Dport,0,0.0,0,0,0,0,0.0,CLEAN
Pkts_P_State_P_Protocol_P_DestIP,0,0.0,0,0,0,0,0.0,CLEAN
Pkts_P_State_P_Protocol_P_SrcIP,0,0.0,0,0,0,0,0.0,CLEAN
attack,0,0.0,0,0,0,0,0.0,CLEAN
category,0,0.0,0,0,0,0,0.0,CLEAN
subcategory,0,0.0,0,0,0,0,0.0,CLEAN
