configuration,recall_mean,recall_ci_lower,recall_ci_upper,precision_mean,precision_ci_lower,precision_ci_upper,f1_mean,f1_ci_lower,f1_ci_upper,normal_rej_mean,normal_rej_ci_lower,normal_rej_ci_upper
Closed-Set XGBoost,0.0,0.0,0.0,0.0,0.0,0.0,0.0,0.0,0.0,0.0,0.0,0.0
Confidence Only (P < 0.95),17.36,16.45,18.21,99.68,99.37,99.92,29.56,28.25,30.81,0.0,0.0,0.0
Mahalanobis Only,18.75,17.88,19.64,33.98,32.62,35.3,24.16,23.15,25.16,1.4,0.0,4.26
Leaf Novelty Only,21.47,20.51,22.38,35.79,34.48,37.12,26.84,25.77,27.9,6.95,1.41,12.68
Mahalanobis + Leaf OR,36.63,35.63,37.77,35.68,34.79,36.71,36.15,35.27,37.11,8.36,2.82,15.49
Mahalanobis + Leaf AND,3.58,3.18,4.0,28.67,25.65,31.45,6.37,5.67,7.11,0.0,0.0,0.0
Confidence + Mahalanobis (P < 0.95),33.5,32.44,34.55,47.9,46.68,49.23,39.42,38.41,40.52,1.4,0.0,4.26
Confidence + Mahalanobis (P < 0.99),41.24,40.22,42.41,53.02,51.93,54.19,46.39,45.43,47.46,2.76,0.0,7.04
Confidence + Leaf Novelty (P < 0.95),25.56,24.53,26.54,39.89,38.65,41.12,31.16,30.08,32.19,6.95,1.41,12.68
Three-Signal Hybrid (95%),26.3,25.28,27.31,41.5,40.23,42.83,32.19,31.1,33.29,9.77,4.23,16.9
