detector_type,threshold_parameter,threshold_numeric,val_acceptance,val_false_unknown,known_test_acceptance,known_test_false_unknown,benign_rejection_rate,known_attack_rejection_rate,zero_day_recall,zero_day_precision,zero_day_f1
Confidence Only,P < 0.900,0.9,99.99,0.01,100.0,0.0,0.0,0.0,12.64,99.89,22.44
Confidence Only,P < 0.910,0.91,99.99,0.01,100.0,0.0,0.0,0.0,15.06,99.91,26.18
Confidence Only,P < 0.920,0.92,99.99,0.01,100.0,0.0,0.0,0.0,15.42,99.91,26.72
Confidence Only,P < 0.930,0.93,99.99,0.01,100.0,0.0,0.0,0.0,15.8,99.91,27.29
Confidence Only,P < 0.940,0.94,99.99,0.01,100.0,0.0,0.0,0.0,16.57,99.83,28.42
Confidence Only,P < 0.950,0.95,99.99,0.01,99.99,0.01,0.0,0.01,17.32,99.68,29.52
Confidence Only,P < 0.960,0.96,99.98,0.02,99.99,0.01,0.0,0.01,21.02,99.74,34.72
Confidence Only,P < 0.970,0.97,99.98,0.02,99.99,0.01,0.0,0.01,21.58,99.75,35.49
Confidence Only,P < 0.980,0.98,99.98,0.02,99.99,0.01,0.0,0.01,24.62,99.78,39.5
Confidence Only,P < 0.990,0.99,99.97,0.03,99.97,0.03,1.41,0.03,25.8,99.16,40.95
Confidence Only,P < 0.995,0.995,99.95,0.05,99.96,0.04,2.82,0.04,28.27,98.85,43.96
Mahalanobis Only,Percentile 90.0%,90.0,90.0,10.0,90.38,9.62,11.27,9.62,35.96,33.55,34.71
Leaf Novelty Only,Percentile 90.0%,90.0,90.02,9.98,89.84,10.16,9.86,10.16,40.33,34.91,37.43
Mahalanobis + Leaf OR,Percentile 90.0%,90.0,82.26,17.74,82.48,17.52,12.68,17.53,47.36,26.75,34.19
Confidence + Mahalanobis,Percentile 90.0%,90.0,89.99,10.01,90.38,9.62,11.27,9.62,45.89,39.18,42.27
Mahalanobis Only,Percentile 92.5%,92.5,92.49,7.51,92.55,7.45,2.82,7.46,33.94,38.1,35.9
Leaf Novelty Only,Percentile 92.5%,92.5,92.5,7.5,92.41,7.59,8.45,7.59,21.73,27.9,24.43
Mahalanobis + Leaf OR,Percentile 92.5%,92.5,86.62,13.38,86.66,13.34,9.86,13.34,40.77,29.23,34.05
Confidence + Mahalanobis,Percentile 92.5%,92.5,92.49,7.51,92.55,7.45,2.82,7.46,44.3,44.55,44.43
Mahalanobis Only,Percentile 95.0%,95.0,94.99,5.01,95.08,4.92,1.41,4.93,18.75,33.97,24.16
Leaf Novelty Only,Percentile 95.0%,95.0,95.0,5.0,94.8,5.2,7.04,5.19,21.45,35.8,26.82
Mahalanobis + Leaf OR,Percentile 95.0%,95.0,91.05,8.95,91.09,8.91,8.45,8.91,36.62,35.7,36.15
Confidence + Mahalanobis,Percentile 95.0%,95.0,94.99,5.01,95.07,4.93,1.41,4.93,33.47,47.87,39.39
Mahalanobis Only,Percentile 97.5%,97.5,97.49,2.51,97.49,2.51,1.41,2.51,4.71,20.22,7.64
Leaf Novelty Only,Percentile 97.5%,97.5,97.58,2.42,97.51,2.49,2.82,2.49,20.84,53.07,29.93
Mahalanobis + Leaf OR,Percentile 97.5%,97.5,95.56,4.44,95.61,4.39,4.23,4.39,23.27,41.71,29.87
Confidence + Mahalanobis,Percentile 97.5%,97.5,97.49,2.51,97.48,2.52,1.41,2.52,20.53,52.41,29.5
Mahalanobis Only,Percentile 99.0%,99.0,98.99,1.01,98.91,1.09,1.41,1.09,2.83,26.01,5.11
Leaf Novelty Only,Percentile 99.0%,99.0,99.0,1.0,98.88,1.12,1.41,1.12,6.3,43.19,11.0
Mahalanobis + Leaf OR,Percentile 99.0%,99.0,98.16,1.84,98.04,1.96,2.82,1.96,7.48,33.98,12.26
Confidence + Mahalanobis,Percentile 99.0%,99.0,98.98,1.02,98.9,1.1,1.41,1.1,18.99,70.05,29.89
Mahalanobis Only,Percentile 99.5%,99.5,99.49,0.51,99.39,0.61,1.41,0.61,2.82,38.5,5.26
Leaf Novelty Only,Percentile 99.5%,99.5,99.5,0.5,99.39,0.61,1.41,0.61,1.96,30.36,3.68
Mahalanobis + Leaf OR,Percentile 99.5%,99.5,99.04,0.96,98.87,1.13,2.82,1.12,3.19,27.71,5.72
Confidence + Mahalanobis,Percentile 99.5%,99.5,99.48,0.52,99.38,0.62,1.41,0.62,18.99,80.64,30.75
