heldout_attack,class_idx,class_name,P90.0,P92.0,P95.0,P97.0,P98.0,P99.0,P99.5
Data_Exfiltration,0,HTTP,0.7667507721755775,0.7935208161134555,0.8441320093966154,0.87879845129856,0.8844208683168747,0.8939879388349937,0.9181652129464479
Data_Exfiltration,1,Keylogging,0.837713055205116,0.8812967764388568,0.9017166224387697,0.932897224518206,0.9499169530604255,0.9763049332231261,0.9822673250097882
Data_Exfiltration,2,Normal,0.6734663070431113,0.6889026841258102,0.7086938269456649,0.732351198503502,0.7622343498499143,0.8027036585896375,0.8565039805107226
Data_Exfiltration,3,OS_Fingerprint,0.6408794101013613,0.6886060381955018,0.8291291273328397,0.9221947948840645,0.9342066602862487,0.9520689411406444,0.9652039739852963
Data_Exfiltration,4,Service_Scan,0.7477280636881716,0.8661108452603646,0.9062780049593248,0.9299451864097099,0.9361724017923174,0.9519391395136382,0.9665859507547744
Data_Exfiltration,5,TCP,0.7481674424674816,0.7634769652412233,0.788186257449863,0.8197594292426155,0.8416696393613781,0.8581736416235264,0.8624321899334407
Data_Exfiltration,6,UDP,0.7700221864532129,0.8154730499847741,0.8457197546439291,0.8820441988950276,0.8846630704311134,0.8962946447992344,0.8984161863227043
HTTP,0,Data_Exfiltration,0.47929504796473943,0.48831392273787927,0.5005996888773658,0.5084588540316308,0.5123884366087633,0.5163180191858958,0.518282810474462
HTTP,1,Keylogging,0.8844205340938553,0.9020088151413016,0.9058979128856625,0.9323514778325124,0.9452183562354163,0.9661007389162561,0.9915293427534355
HTTP,2,Normal,0.8073373087892144,0.8304625875032409,0.8573673839771843,0.8754031630801141,0.8841922737879176,0.9073195229452945,0.9228432978999219
HTTP,3,OS_Fingerprint,0.5808161783769771,0.676865698729583,0.8788379569613689,0.931977780658543,0.9452956183562354,0.9623066372828623,0.9726582966035775
HTTP,4,Service_Scan,0.897754731656728,0.9149893699766658,0.9251487555094634,0.9325379828882551,0.9428028260305936,0.9621409774436092,0.980264810733731
HTTP,5,TCP,0.7416845994296085,0.749532953072336,0.770718628467721,0.7946688358828103,0.8106576354679802,0.8300301529686286,0.8541838734767953
HTTP,6,UDP,0.7365250194451648,0.7776112004148302,0.8441827845475759,0.8578532538242156,0.8673437905107597,0.873957739175525,0.8764091262639357
Keylogging,0,Data_Exfiltration,0.7873798392030062,0.8031008039849691,0.8183862404963734,0.8241519924844883,0.8270348684785459,0.8299177444726034,0.8313591824696321
Keylogging,1,HTTP,0.718836734248012,0.751280957790789,0.7720207222756269,0.7929231407847591,0.8181689242331556,0.8278869614611554,0.8419496089312244
Keylogging,2,Normal,0.7981984619417986,0.8172541291619334,0.8414784147513763,0.8533811063532287,0.8745257799528096,0.9073527484051386,0.9205375010923708
Keylogging,3,OS_Fingerprint,0.8142930175653238,0.8375254303941274,0.8782824106440617,0.8934558135978325,0.910039827842349,0.952366905531766,0.9685234914358124
Keylogging,4,Service_Scan,0.8508749890762911,0.8597392292231059,0.8773228174429781,0.8883020187013894,0.8938292842785982,0.9276125578956568,0.9699235777331119
Keylogging,5,TCP,0.721897011273268,0.7257755833260509,0.7335445250371406,0.7594361618456698,0.7714104692825308,0.8024666608406886,0.8156169710740191
Keylogging,6,UDP,0.6827778991523203,0.7187454338897141,0.7321342742287862,0.8135202744035656,0.8216835620029712,0.8427466573451018,0.8479212182120073
OS_Fingerprint,0,Data_Exfiltration,0.5024281881507372,0.5035845619907943,0.5048265316169049,0.5053917960961921,0.5056744283358358,0.5059570605754793,0.5060983766953011
OS_Fingerprint,1,HTTP,0.8570595909124474,0.8787736726807296,0.9209524454180716,0.9489079676077485,0.9689401629458243,0.976755236665272,0.9820625199990155
OS_Fingerprint,2,Keylogging,0.9317426834371232,0.9503729047185369,0.9624865237403697,0.9675156176926675,0.9773035665936446,0.985213811012381,0.9931609643832918
OS_Fingerprint,3,Normal,0.8674055431117238,0.8831847785955154,0.9208059910896694,0.9320023137322471,0.9394521131267384,0.9674287788908854,0.9785664090383238
OS_Fingerprint,4,Service_Scan,0.9009523223472078,0.9505635168730155,0.9616843478474906,0.9731122160139807,0.9764240037413543,0.982116523494228,0.9876972949024049
OS_Fingerprint,5,TCP,0.8185790238019052,0.8258050557511015,0.8439394983631575,0.8672936716961623,0.8781293720924509,0.8998098309006326,0.9184642725281218
OS_Fingerprint,6,UDP,0.7764770965121717,0.8178163290422625,0.910537327393113,0.9149949540945677,0.9162256627366038,0.9314897112757525,0.9375524404952371
Service_Scan,0,Data_Exfiltration,0.4903089235902917,0.4924708151933053,0.503752183320733,0.5187757240803983,0.5262874944602309,0.5337992648400636,0.5375551500299799
Service_Scan,1,HTTP,0.8636528585208164,0.8878147501238303,0.9272002659089131,0.9578408717641231,0.9703033447170155,0.9779916838290884,0.9844919184545999
Service_Scan,2,Keylogging,0.6328327120102202,0.938229150916343,0.9724212049323497,0.9758855288198337,0.9809113376261113,0.9909698636565082,0.9918182434370031
Service_Scan,3,Normal,0.8708991370995074,0.8860874371073281,0.9235928986678484,0.9361821476055163,0.9451625954795485,0.9685545504314503,0.9788392815245441
Service_Scan,4,OS_Fingerprint,0.5533527985609646,0.6533538413410152,0.8738319559946819,0.9655647957454574,0.9706641987538779,0.9839614692770926,0.994838603717511
Service_Scan,5,TCP,0.8499203576735577,0.85834646367215,0.8758874709976798,0.8868314215699054,0.8970598816444642,0.9210296149534659,0.9390209077400349
Service_Scan,6,UDP,0.8113295445658125,0.8407453270418936,0.9097812768841733,0.9157368544539743,0.9168263249824031,0.9304582757631845,0.9371768946010065
TCP,0,Data_Exfiltration,0.4754499543567244,0.49297458700197305,0.5186044936541123,0.5346398303836979,0.5426574987484908,0.5506751671132836,0.55468400129568
TCP,1,HTTP,0.7704415618834477,0.7910858388056186,0.826219485261639,0.8606996525221591,0.8911144026620336,0.9038257604758679,0.9138586751671133
TCP,2,Keylogging,0.8702759209635148,0.8818053535145323,0.8890532701198504,0.9122512147000796,0.9315296681292144,0.9427456049942577,0.9645045054330221
TCP,3,Normal,0.8266251950881945,0.8387626255190082,0.8559902382284519,0.8729894873229482,0.8939487028475515,0.9086009452575162,0.9214884198592423
TCP,4,OS_Fingerprint,0.6602304249241734,0.7412710621631968,0.8649032657027592,0.9209189316528755,0.9390150475573484,0.9589455961600754,0.9723975676551133
TCP,5,Service_Scan,0.8891280661974734,0.8987378898082982,0.9080382225625019,0.9232371389027945,0.9358903383491858,0.9570753555758413,0.9741412880237933
TCP,6,UDP,0.7542889955534615,0.7866418327983744,0.8214361435849111,0.8562678524102594,0.8580435230719397,0.8711156100002945,0.8735473659412821
UDP,0,Data_Exfiltration,0.4372237852411933,0.45488511810562104,0.4678140202801711,0.46919963659808916,0.4698924447570482,0.4705852529160072,0.4709316569954868
UDP,1,HTTP,0.7648045249399215,0.7857710567962018,0.8296166695973273,0.8702223785241191,0.8891845730027549,0.9011483500380986,0.9144334740050403
UDP,2,Keylogging,0.8490875388312525,0.8598313111775394,0.9024013832717894,0.9293009348807222,0.9450093781138269,0.9719041967059378,0.9820261341656408
UDP,3,Normal,0.8119170916124494,0.8306737002520369,0.8457575757575758,0.8587662212062599,0.8824118750366332,0.9019928931481155,0.9183904079479517
UDP,4,OS_Fingerprint,0.6618852939452567,0.7451128890451909,0.9067068167164878,0.9307673641638825,0.9466298575698961,0.9659418556942735,0.977474298106793
UDP,5,Service_Scan,0.8809993552546744,0.8957871168161305,0.9067370757868823,0.9215490739112596,0.9315963015063595,0.948939467205908,0.9713545366625641
UDP,6,TCP,0.7341824922337495,0.7429218685891801,0.7633323076021334,0.7852098792567845,0.7981428110896194,0.8094822255436376,0.8192503516792684
