operating_percentile,strategy,val_acceptance,val_false_unknown,known_test_acceptance,known_test_false_unknown,benign_rejection_rate,known_attack_rejection_rate,zero_day_recall,unknown_precision,unknown_f1,detected_zd_count,missed_zd_count,fp_count,os_fingerprint_total,os_fingerprint_detected,os_fingerprint_recall
90.0,Confidence + Relative Distance,89.99,10.01,90.24,9.76,12.68,9.76,44.99,38.38,41.42,3285,4017,5275,7040,3023,42.94
90.0,Confidence + Mahalanobis + Relative Distance,88.83,11.17,89.23,10.77,23.94,10.75,50.51,38.79,43.88,3688,3614,5820,7040,3426,48.66
90.0,Full Proposed Hybrid,76.14,23.86,74.23,25.77,25.35,25.77,54.64,22.27,31.64,3990,3312,13926,7040,3728,52.95
92.5,Confidence + Relative Distance,92.49,7.51,92.63,7.37,9.86,7.37,44.15,44.73,44.44,3224,4078,3983,7040,2962,42.07
92.5,Confidence + Mahalanobis + Relative Distance,91.55,8.45,91.65,8.35,12.68,8.34,48.64,44.05,46.23,3552,3750,4512,7040,3290,46.73
92.5,Full Proposed Hybrid,81.68,18.32,80.01,19.99,19.72,19.99,51.08,25.66,34.16,3730,3572,10805,7040,3468,49.26
95.0,Confidence + Relative Distance,94.98,5.02,95.1,4.9,8.45,4.89,39.63,52.23,45.07,2894,4408,2647,7040,2632,37.39
95.0,Confidence + Mahalanobis + Relative Distance,94.24,5.76,94.36,5.64,9.86,5.63,45.77,52.32,48.82,3342,3960,3046,7040,3080,43.75
95.0,Full Proposed Hybrid,87.5,12.5,86.09,13.91,18.31,13.9,46.56,31.14,37.32,3400,3902,7517,7040,3138,44.57
97.5,Confidence + Relative Distance,97.48,2.52,97.4,2.6,4.23,2.6,37.54,66.1,47.88,2741,4561,1406,7040,2479,35.21
97.5,Confidence + Mahalanobis + Relative Distance,97.09,2.91,97.07,2.93,5.63,2.93,39.74,64.66,49.23,2902,4400,1586,7040,2640,37.5
97.5,Full Proposed Hybrid,93.67,6.33,92.79,7.21,11.27,7.21,39.76,42.68,41.17,2903,4399,3898,7040,2641,37.51
99.0,Confidence + Relative Distance,98.97,1.03,98.9,1.1,4.23,1.1,26.43,76.47,39.28,1930,5372,594,7040,1668,23.69
99.0,Confidence + Mahalanobis + Relative Distance,98.61,1.39,98.51,1.49,5.63,1.48,27.2,71.18,39.36,1986,5316,804,7040,1724,24.49
99.0,Full Proposed Hybrid,97.12,2.88,96.56,3.44,9.86,3.44,27.81,52.18,36.29,2031,5271,1861,7040,1769,25.13
