Class_Name,Test_Samples,Correctly_Classified_TP,Misclassified_FN,False_Alarm_FP,Accuracy_pct,Precision_pct,Recall_pct,F1_Score_pct,Error_Rate_pct
DDoS - HTTP,1212,1163,49,70,99.35,94.32,95.96,95.13,0.65
DDoS - TCP,1846,1790,56,67,99.33,96.39,96.97,96.68,0.67
DDoS - UDP,1428,1234,194,103,98.38,92.3,86.41,89.26,1.62
DoS - HTTP,1788,1720,68,47,99.37,97.34,96.2,96.77,0.63
DoS - TCP,1154,1086,68,56,99.32,95.1,94.11,94.6,0.68
DoS - UDP,1572,1469,103,195,98.38,88.28,93.45,90.79,1.62
Normal - Normal,2863,2858,5,11,99.91,99.62,99.83,99.72,0.09
Reconnaissance - OS_Fingerprint,3000,2956,44,200,98.67,93.66,98.53,96.04,1.33
Reconnaissance - Service_Scan,3000,2797,203,43,98.66,98.49,93.23,95.79,1.34
Theft - Data_Exfiltration,35,30,5,1,99.97,96.77,85.71,90.91,0.03
Theft - Keylogging,441,439,2,4,99.97,99.1,99.55,99.32,0.03
