Attack_Class,Base_Precision,Our_Precision,Base_Recall,Our_Recall,Base_F1,Our_F1,Base_Error,Our_Error
DoS - HTTP,0.91,0.99,0.92,0.99,0.91,0.99,0.06,0.01
DoS - TCP,0.77,0.99,0.88,0.99,0.82,0.99,0.14,0.01
DoS - UDP,0.88,0.99,0.97,0.99,0.92,0.99,0.06,0.01
DDoS - HTTP,0.94,0.99,0.98,0.99,0.96,0.99,0.03,0.01
DDoS - TCP,0.81,0.99,0.92,0.99,0.86,0.99,0.11,0.01
DDoS - UDP,0.92,0.99,0.96,0.99,0.94,0.99,0.04,0.01
Reconnaissance - OS_Fingerprint,0.96,0.99,0.92,0.99,0.94,0.99,0.05,0.01
Reconnaissance - Service_Scan,0.84,0.99,0.96,0.95,0.89,0.97,0.08,0.04
Theft - Keylogging,0.8,0.99,0.98,0.98,0.88,0.99,0.02,0.01
Theft - Data_Exfiltration,0.08,0.96,0.87,0.93,0.15,0.95,0.07,0.01
