cohort,signal_key,signal_name,pseudo_samples,auroc,auprc,threshold_p95,recall_at_p95,precision_at_p95,f1_at_p95,fpr_at_p95
All Generators (Aggregate),Z_confidence,Confidence Novelty (1 - Pmax),4500,0.9869,0.9534,0.95,96.27,61.55,75.09,5.01
All Generators (Aggregate),Z_mahalanobis,Mahalanobis Novelty (Dm),4500,0.639,0.4058,0.95,38.33,38.96,38.64,5.0
All Generators (Aggregate),Z_leaf,Leaf-Space Novelty (1 - LeafSim),4500,0.5,0.0769,0.95,100.0,7.69,14.28,100.0
All Generators (Aggregate),Z_relative,Relative Class-Separation (Dm/Dother),4500,0.5363,0.332,0.95,31.47,34.38,32.86,5.0
Cross-Class Interpolation,Z_confidence,Confidence Novelty (1 - Pmax),1500,0.991,0.9426,0.95,97.73,35.14,51.69,5.01
Cross-Class Interpolation,Z_mahalanobis,Mahalanobis Novelty (Dm),1500,0.5782,0.4257,0.95,45.93,20.31,28.17,5.0
Cross-Class Interpolation,Z_leaf,Leaf-Space Novelty (1 - LeafSim),1500,0.5,0.027,0.95,100.0,2.7,5.26,100.0
Cross-Class Interpolation,Z_relative,Relative Class-Separation (Dm/Dother),1500,0.5903,0.4324,0.95,45.47,20.15,27.92,5.0
Controlled Perturbation,Z_confidence,Confidence Novelty (1 - Pmax),1500,0.9976,0.9605,0.95,98.73,35.37,52.08,5.01
Controlled Perturbation,Z_mahalanobis,Mahalanobis Novelty (Dm),1500,0.8275,0.3513,0.95,41.33,18.66,25.71,5.0
Controlled Perturbation,Z_leaf,Leaf-Space Novelty (1 - LeafSim),1500,0.5,0.027,0.95,100.0,2.7,5.26,100.0
Controlled Perturbation,Z_relative,Relative Class-Separation (Dm/Dother),1500,0.6237,0.2423,0.95,31.33,14.81,20.12,5.0
Boundary Low-Density,Z_confidence,Confidence Novelty (1 - Pmax),1500,0.972,0.848,0.95,92.33,33.85,49.54,5.01
Boundary Low-Density,Z_mahalanobis,Mahalanobis Novelty (Dm),1500,0.5112,0.1396,0.95,27.73,13.34,18.01,5.0
Boundary Low-Density,Z_leaf,Leaf-Space Novelty (1 - LeafSim),1500,0.5,0.027,0.95,100.0,2.7,5.26,100.0
Boundary Low-Density,Z_relative,Relative Class-Separation (Dm/Dother),1500,0.3948,0.0633,0.95,17.6,8.9,11.82,5.0
