Variant,wC,wM,wL,wR,Zero-Day Recall (%),Detected ZD Flows,Missed ZD Flows,False Positives Known Test,Unknown Precision (%),Unknown F1 (%),Known Acceptance (%),Benign Rejection (%)
A. Confidence Only,1.0000,0.0000,0.0000,0.0000,53.62,3915,3387,2800,58.3,55.86,94.82,0.0
B. Mahalanobis Only,0.0000,1.0000,0.0000,0.0000,18.71,1366,5936,2661,33.92,24.12,95.08,1.41
C. Leaf Only,0.0000,0.0000,1.0000,0.0000,21.45,1566,5736,2806,35.82,26.83,94.81,5.63
D. Relative Distance Only,0.0000,0.0000,0.0000,1.0000,32.96,2407,4895,2661,47.49,38.92,95.08,8.45
E. Conf + Mahalanobis,0.5000,0.5000,0.0000,0.0000,33.44,2442,4860,2755,46.99,39.08,94.9,1.41
F. Conf + Mah + RelDist,0.3333,0.3333,0.0000,0.3333,33.88,2474,4828,2710,47.72,39.63,94.99,2.82
G. Equal Four-Signal Fusion,0.2500,0.2500,0.2500,0.2500,31.9,2329,4973,2723,46.1,37.7,94.96,2.82
H. NEW Learned Four-Signal,0.7100,0.0500,0.0500,0.1900,39.65,2895,4407,2702,51.72,44.89,95.0,4.23
I. Step 9 Historical AUC Weights,0.7353,0.2099,0.0000,0.0548,32.94,2405,4897,2744,46.71,38.63,94.92,1.41
J. Class-Conditional Learned Weights,Class-Conditional,Class-Conditional,Class-Conditional,Class-Conditional,39.65,2895,4407,2702,51.72,44.89,95.0,4.23
